Key,ZhCn
CARD_001_NAME,胖滚
CARD_001_DESC,
CARD_002_NAME,口琴手
CARD_002_DESC,嘲讽：敌人必须优先攻击它
CARD_003_NAME,疾风小将
CARD_003_DESC,冲锋：登场当回合即可攻击
CARD_004_NAME,侍从
CARD_004_DESC,嘲讽：敌人必须优先攻击它
CARD_005_NAME,实验室伙伴
CARD_005_DESC,战吼：抽一张牌
CARD_006_NAME,持盾卫士
CARD_006_DESC,圣盾：免疫第一次受到的伤害
CARD_007_NAME,新手冒险者
CARD_007_DESC,
CARD_008_NAME,守望者
CARD_008_DESC,嘲讽：敌人必须优先攻击它
CARD_009_NAME,法师学徒
CARD_009_DESC,
CARD_010_NAME,法力兽
CARD_010_DESC,
CARD_011_NAME,兽族步兵
CARD_011_DESC,
CARD_012_NAME,铸甲师
CARD_012_DESC,战吼：获得3点护甲
CARD_013_NAME,火花
CARD_013_DESC,对一个敌方随从造成2点伤害
CARD_014_NAME,治疗香蕉
CARD_014_DESC,恢复3点生命
CARD_015_NAME,火球术
CARD_015_DESC,对一个敌方随从造成6点伤害
CARD_016_NAME,寒冰护甲
CARD_016_DESC,获得8点护甲
CARD_017_NAME,猛击
CARD_017_DESC,对一个敌方随从造成3点伤害
CARD_018_NAME,落石
CARD_018_DESC,对一个敌方随从造成4点伤害
CARD_019_NAME,吞噬者
CARD_019_DESC,战吼：使一个友方随从获得+2/+2
CARD_020_NAME,水元素
CARD_020_DESC,
CARD_021_NAME,巫师
CARD_021_DESC,战吼：对一个随从造成1点伤害
CARD_022_NAME,狂战士
CARD_022_DESC,
CARD_023_NAME,牛头人战士
CARD_023_DESC,嘲讽：敌人必须优先攻击它。战吼：获得2点护甲
CARD_024_NAME,食人魔拳手
CARD_024_DESC,嘲讽：敌人必须优先攻击它
CARD_025_NAME,暗影刺客
CARD_025_DESC,
CARD_026_NAME,变形术
CARD_026_DESC,消灭一个敌方随从 并召唤一个1/2的侍从
CARD_027_NAME,处决
CARD_027_DESC,消灭一个敌方随从
CARD_028_NAME,祝福
CARD_028_DESC,使一个友方随从获得+3/+3
CARD_029_NAME,古树守卫
CARD_029_DESC,亡语：召唤两个胖滚
CARD_030_NAME,大法师
CARD_030_DESC,
CARD_031_NAME,烈焰风暴
CARD_031_DESC,对一个敌方随从造成8点伤害
CARD_032_NAME,盾牌猛击
CARD_032_DESC,对一个敌方随从造成5点伤害 并获得5点护甲
CARD_033_NAME,山岭巨人
CARD_033_DESC,嘲讽：敌人必须优先攻击它
CARD_034_NAME,奥术巨龙
CARD_034_DESC,圣盾：免疫第一次受到的伤害。战吼：对一个敌方随从造成3点伤害
CARD_035_NAME,时间扭曲
CARD_035_DESC,抽三张牌
CARD_036_NAME,废弃测试卡
CARD_036_DESC,
CARD_037_NAME,废弃法术
CARD_037_DESC,
CARD_038_NAME,幸运币
CARD_038_DESC,获得1点法力水晶
HERO_001_NAME,法师
HERO_002_NAME,战士
